country,ISO2,score,mltf,cor,fintran,pubtran,polleg,score_robust,mltf_robust,cor_robust,fintran_robust,pubtran_robust,polleg_robust,sanction_total,sanction_weighted,sanction_level,ofac_binary,un_sc_binary,eu_restrictive_measures_binary,eu_non_cooperative_tax_binary,eu_high_risk_binary,uk_sc_binary,uk_fs_binary,fatf_grey_binary,fatf_black_binary,australian_sc_binary,eu_non_cooperative_taxc_binary,fsrb_memberships,fsrb_count,primary_fsrb,fsrb_apg,fsrb_cfatf,fsrb_eag,fsrb_esaamlg,fsrb_fatf,fsrb_gabac,fsrb_gafilat,fsrb_giaba,fsrb_menafatf,fsrb_moneyval,fsrb_not_fatf,has_fsrb_data
Afghanistan,AF,8.2,8.39,7.23,9.0,7.5,7.94,1.6277777777777778,1.3882352941176477,0.9825436408977556,0.9174311926605504,0.8646529089977869,1.032258064516129,4,3.0,Medium,1,1,0,0,1,0,1,0,0,0,0,NOT FATF,1,NOT FATF,0,0,0,0,1,0,0,0,0,0,1,True
Albania,AL,4.36,5.23,5.37,1.18,3.13,4.41,-0.5055555555555552,-0.0988235294117647,0.0548628428927682,-1.474006116207951,-0.3294711219247146,-0.1064516129032258,1,0.8,Low,1,0,0,0,0,0,0,0,0,0,0,MONEYVAL,1,MONEYVAL,0,0,0,0,0,0,0,0,0,1,0,True
Algeria,DZ,6.87,7.17,6.46,7.57,6.26,5.12,0.8888888888888893,0.8141176470588236,0.5985037406483789,0.4801223241590214,0.5258167995369397,0.1225806451612902,2,1.6,Low,0,0,0,0,0,1,0,1,0,0,0,MENAFATF,1,MENAFATF,0,0,0,0,1,0,0,0,1,0,0,True
Andorra,AD,3.29,4.1,4.32,1.84,0.0,1.67,-1.1,-0.6305882352941182,-0.4688279301745631,-1.2721712538226295,-1.184759043386369,-0.9903225806451612,0,0.0,,0,0,0,0,0,0,0,0,0,0,0,MONEYVAL,1,MONEYVAL,0,0,0,0,0,0,0,0,0,1,0,True
Angola,AO,6.72,6.97,5.88,7.65,3.7,6.78,0.8055555555555557,0.72,0.3092269326683291,0.5045871559633028,-0.1737158135435187,0.6580645161290323,2,1.6,Low,0,0,0,0,0,1,0,1,0,0,0,ESAAMLG,1,ESAAMLG,0,0,0,1,0,0,0,0,0,0,0,True
Anguilla,AI,5.44,5.31,5.985224100698598,5.81,4.257772643198898,5.077362898506976,0.0944444444444449,-0.0611764705882356,0.3617077808970561,-0.0581039755351683,-0.0213016906522221,0.1088267414538632,2,1.0,Low,0,0,0,1,0,0,0,0,0,0,1,CFATF,1,CFATF,0,1,0,0,1,0,0,0,0,0,0,True
Antigua and Barbuda,AG,4.11,5.78,2.3,0.88,7.5,2.88,-0.644444444444444,0.16,-1.4763092269326676,-1.565749235474006,0.8646529089977869,-0.6000000000000001,0,0.0,,0,0,0,0,0,0,0,0,0,0,0,CFATF,1,CFATF,0,1,0,0,1,0,0,0,0,0,0,True
Argentina,AR,4.37,5.13,4.85,2.06,2.45,4.69,-0.4999999999999998,-0.1458823529411767,-0.2044887780548628,-1.204892966360856,-0.5152844722742114,-0.0161290322580644,0,0.0,,0,0,0,0,0,0,0,0,0,0,0,FATF; GAFILAT,2,FATF,0,0,0,0,1,0,1,0,0,0,0,True
Armenia,AM,3.98,4.0,3.6,3.986537771772757,3.25,4.89,-0.7166666666666666,-0.6776470588235298,-0.8279301745635905,-0.6157376844731629,-0.2966805306865681,0.0483870967741933,0,0.0,,0,0,0,0,0,0,0,0,0,0,0,MONEYVAL,1,MONEYVAL,0,0,0,0,0,0,0,0,0,1,0,True
Aruba,AW,4.72,4.78,4.90247352691678,4.56,4.5806146526713505,4.444709440716199,-0.3055555555555554,-0.3105882352941178,-0.1783174429342741,-0.4403669724770643,0.0669164790737195,-0.0952550191238068,0,0.0,,0,0,0,0,0,0,0,0,0,0,0,CFATF,1,CFATF,0,1,0,0,1,0,0,0,0,0,0,True
Australia,AU,4.03,3.54,3.95,7.35,1.1,2.23,-0.6888888888888886,-0.894117647058824,-0.6533665835411466,0.4128440366972475,-0.8841786237033595,-0.8096774193548387,0,0.0,,0,0,0,0,0,0,0,0,0,0,0,APG; FATF,2,APG,1,0,0,0,1,0,0,0,0,0,0,True
Austria,AT,4.16,4.0,3.77,6.84,2.0,2.08,-0.6166666666666664,-0.6776470588235298,-0.7431421446384036,0.256880733944954,-0.6382491894172608,-0.8580645161290322,0,0.0,,0,0,0,0,0,0,0,0,0,0,0,FATF; MONEYVAL,2,FATF,0,0,0,0,1,0,0,0,0,1,0,True
Azerbaijan,AZ,5.46,4.99,5.72,5.4641956863699805,2.64,8.76,0.1055555555555557,-0.2117647058823531,0.2294264339152118,-0.1638545301620854,-0.4633660361471461,1.296774193548387,0,0.0,,0,0,0,0,0,0,0,0,0,0,0,MONEYVAL,1,MONEYVAL,0,0,0,0,0,0,0,0,0,1,0,True
Bahamas,BS,5.21,4.74,3.27,8.46,10.0,2.83,-0.0333333333333331,-0.3294117647058825,-0.9925187032418948,0.7522935779816515,1.5477902264591723,-0.6161290322580646,0,0.0,,0,0,0,0,0,0,0,0,0,0,0,CFATF,1,CFATF,0,1,0,0,1,0,0,0,0,0,0,True
Bahrain,BH,5.09,4.21,6.14,5.66,7.5,5.46,-0.0999999999999998,-0.5788235294117652,0.4389027431421444,-0.1039755351681956,0.8646529089977869,0.2322580645161289,0,0.0,,0,0,0,0,0,0,0,0,0,0,0,MENAFATF,1,MENAFATF,0,0,0,0,1,0,0,0,1,0,0,True
Bangladesh,BD,5.6,5.23,5.71,6.36,5.11,6.21,0.1833333333333334,-0.0988235294117647,0.2244389027431421,0.1100917431192661,0.2115736335047026,0.4741935483870966,0,0.0,,0,0,0,0,0,0,0,0,0,0,0,APG,1,APG,1,0,0,0,0,0,0,0,0,0,0,True
Barbados,BB,4.58,5.29,2.28,5.44,7.0,2.3,-0.3833333333333331,-0.0705882352941178,-1.4862842892768071,-0.1712538226299692,0.7280254455055098,-0.7870967741935485,1,0.7,Low,0,0,0,0,1,0,0,0,0,0,0,CFATF,1,CFATF,0,1,0,0,1,0,0,0,0,0,0,True
Belarus,BY,5.7,4.94,6.98,5.689876837807719,6.0,7.13,0.2388888888888892,-0.2352941176470589,0.85785536159601,-0.0948388875205751,0.4547705185209557,0.7709677419354838,3,2.1,Medium,1,0,1,0,0,0,1,0,0,0,0,EAG; MONEYVAL,2,EAG,0,0,1,0,0,0,0,0,0,1,0,True
Belgium,BE,4.51,4.25,4.18,8.16,0.0,2.24,-0.4222222222222221,-0.5600000000000004,-0.538653366583541,0.6605504587155963,-1.184759043386369,-0.8064516129032258,0,0.0,,0,0,0,0,0,0,0,0,0,0,0,FATF,1,FATF,0,0,0,0,1,0,0,0,0,0,0,True
Belize,BZ,3.98,4.34,3.77,1.76,10.0,3.46,-0.7166666666666666,-0.5176470588235299,-0.7431421446384036,-1.2966360856269112,1.5477902264591723,-0.4129032258064516,0,0.0,,0,0,0,0,0,0,0,0,0,0,0,CFATF,1,CFATF,0,1,0,0,1,0,0,0,0,0,0,True
Benin,BJ,6.43,7.67,5.07,6.0,3.38,4.89,0.6444444444444446,1.0494117647058825,-0.0947630922693264,0.0,-0.2611573901785761,0.0483870967741933,0,0.0,,0,0,0,0,0,0,0,0,0,0,0,GIABA,1,GIABA,0,0,0,0,0,0,0,1,0,0,0,True
Bermuda,BM,4.19,3.39,4.1601690615633595,6.47,4.708669045185431,3.981856042133309,-0.5999999999999996,-0.9647058823529416,-0.5485441089459551,0.1437308868501528,0.101907972750206,-0.2445625670537713,0,0.0,,0,0,0,0,0,0,0,0,0,0,0,CFATF,1,CFATF,0,1,0,0,1,0,0,0,0,0,0,True
Bhutan,BT,5.49,6.77,2.8,6.0,2.75,4.25,0.1222222222222225,0.6258823529411763,-1.2269326683291766,0.0,-0.4333079941788452,-0.1580645161290323,0,0.0,,0,0,0,0,0,0,0,0,0,0,0,APG,1,APG,1,0,0,0,0,0,0,0,0,0,0,True
Bolivia,BO,5.36,5.91,5.68,2.21,7.46,6.51,0.0500000000000004,0.2211764705882352,0.2094763092269325,-1.1590214067278286,0.8537227119184048,0.5709677419354837,1,0.85,Low,0,0,0,0,0,0,0,1,0,0,0,GAFILAT,1,GAFILAT,0,0,0,0,0,0,1,0,0,0,0,True
Bosnia and Herzegovina,BA,5.54,5.68,5.49,5.540553560974716,3.63,5.88,0.1500000000000002,0.1129411764705879,0.1147132169576061,-0.1405034981728698,-0.1928436584324376,0.3677419354838708,3,2.1,Medium,1,0,1,0,0,0,1,0,0,0,0,MONEYVAL,1,MONEYVAL,0,0,0,0,0,0,0,0,0,1,0,True
Botswana,BW,4.34,5.14,4.43,1.91,5.57,3.82,-0.5166666666666666,-0.1411764705882356,-0.4139650872817954,-1.2507645259938835,0.3372708999175975,-0.2967741935483872,0,0.0,,0,0,0,0,0,0,0,0,0,0,0,ESAAMLG,1,ESAAMLG,0,0,0,1,0,0,0,0,0,0,0,True
Brazil,BR,5.36,5.79,6.58,3.97,1.99,5.15,0.0500000000000004,0.1647058823529411,0.6583541147132168,-0.620795107033639,-0.6409817386871063,0.132258064516129,0,0.0,,0,0,0,0,0,0,0,0,0,0,0,FATF; GAFILAT,2,FATF,0,0,0,0,1,0,1,0,0,0,0,True
Brunei Darussalam,BN,4.18,5.03,4.22,0.37,4.192467075298552,6.52,-0.6055555555555555,-0.1929411764705884,-0.5187032418952616,-1.7217125382262994,-0.039146758840516,0.5741935483870966,0,0.0,,0,0,0,0,0,0,0,0,0,0,0,APG,1,APG,1,0,0,0,0,0,0,0,0,0,0,True
Bulgaria,BG,5.0,6.17,5.54,2.43,1.57,4.38,-0.1499999999999997,0.3435294117647058,0.1396508728179551,-1.091743119266055,-0.7557488080206191,-0.1161290322580646,2,1.6,Low,0,0,0,0,0,1,0,1,0,0,0,MONEYVAL,1,MONEYVAL,0,0,0,0,0,0,0,0,0,1,0,True
Burkina Faso,BF,6.5,7.26,5.45,6.0,5.18,6.09,0.6833333333333337,0.8564705882352942,0.0947630922693268,0.0,0.2307014783936212,0.4354838709677418,3,2.3,Medium,0,0,0,0,1,1,0,1,0,0,0,GIABA,1,GIABA,0,0,0,0,0,0,0,1,0,0,0,True
Burundi,BI,4.83,2.96,6.37,6.0,8.54,7.54,-0.2444444444444442,-1.1670588235294124,0.5536159600997506,0.0,1.148838033061723,0.9032258064516128,1,0.8,Low,0,0,1,0,0,0,0,0,0,0,0,ESAAMLG,1,ESAAMLG,0,0,0,1,0,0,0,0,0,0,0,True
Cambodia,KH,6.72,6.66,7.55,6.0,5.9,7.28,0.8055555555555557,0.5741176470588236,1.1421446384039895,0.0,0.4274450258225004,0.8193548387096774,0,0.0,,0,0,0,0,0,0,0,0,0,0,0,APG,1,APG,1,0,0,0,0,0,0,0,0,0,0,True
Cameroon,CM,6.54,7.18,6.59,4.39,7.02,6.77,0.7055555555555559,0.8188235294117647,0.6633416458852865,-0.4923547400611621,0.7334905440452009,0.6548387096774191,3,2.3,Medium,0,0,0,0,1,1,0,1,0,0,0,GABAC,1,GABAC,0,0,0,0,0,1,0,0,0,0,0,True
Canada,CA,4.48,4.43,3.3,8.01,1.3,2.18,-0.4388888888888884,-0.4752941176470593,-0.9775561097256854,0.6146788990825687,-0.8295276383064487,-0.8258064516129032,0,0.0,,0,0,0,0,0,0,0,0,0,0,0,FATF,1,FATF,0,0,0,0,1,0,0,0,0,0,0,True
Cape Verde,CV,5.45,7.1,3.79,5.0,1.5,2.86,0.1000000000000003,0.7811764705882352,-0.733167082294264,-0.3058103975535168,-0.7748766529095379,-0.6064516129032259,0,0.0,,0,0,0,0,0,0,0,0,0,0,0,GIABA,1,GIABA,0,0,0,0,0,0,0,1,0,0,0,True
Cayman Islands,KY,6.47,5.57,7.535703181158165,9.04,3.748033841976884,5.970006250071542,0.6666666666666669,0.0611764705882352,1.1350140554404808,0.9296636085626908,-0.1605903295613377,0.3967762097004972,0,0.0,,0,0,0,0,0,0,0,0,0,0,0,CFATF,1,CFATF,0,1,0,0,1,0,0,0,0,0,0,True
Central African Republic,CF,7.44,8.39,5.26,7.0,6.58,7.69,1.2055555555555562,1.3882352941176477,0.0,0.3058103975535168,0.6132583761719972,0.9516129032258064,3,2.3,Medium,1,1,0,0,0,0,1,0,0,0,0,GABAC,1,GABAC,0,0,0,0,0,1,0,0,0,0,0,True
Chad,TD,7.56,7.87,5.33,9.0,8.46,6.91,1.2722222222222224,1.143529411764706,0.0349127182044889,0.9174311926605504,1.126977638902959,0.7,0,0.0,,0,0,0,0,0,0,0,0,0,0,0,GABAC,1,GABAC,0,0,0,0,0,1,0,0,0,0,0,True
Chile,CL,4.1,4.33,3.75,4.71,2.99,3.03,-0.65,-0.5223529411764709,-0.7531172069825433,-0.3944954128440366,-0.3677268117025521,-0.5516129032258066,0,0.0,,0,0,0,0,0,0,0,0,0,0,0,FATF; GAFILAT,2,FATF,0,0,0,0,1,0,1,0,0,0,0,True
China,CN,7.28,6.83,6.47,9.26,8.04,7.08,1.1166666666666671,0.6541176470588237,0.6034912718204486,0.9969418960244646,1.012210569569446,0.7548387096774193,2,1.6,Low,1,0,1,0,0,0,0,0,0,0,0,APG; FATF,2,APG,1,0,0,0,1,0,0,0,0,0,0,True
Taiwan (Chinese Taipei),TW,4.41,4.2,3.06,8.82,0.0,2.29,-0.4777777777777775,-0.5835294117647062,-1.097256857855361,0.8623853211009174,-1.184759043386369,-0.7903225806451614,0,0.0,,0,0,0,0,0,0,0,0,0,0,0,APG,1,APG,1,0,0,0,0,0,0,0,0,0,0,True
Colombia,CO,4.9,5.41,6.43,2.28,3.51,4.92,-0.2055555555555551,-0.0141176470588236,0.5835411471321693,-1.1376146788990824,-0.2256342496705841,0.0580645161290321,0,0.0,,0,0,0,0,0,0,0,0,0,0,0,GAFILAT,1,GAFILAT,0,0,0,0,0,0,1,0,0,0,0,True
Comoros,KM,6.67,6.94,5.68,7.0,9.21,5.25,0.777777777777778,0.7058823529411767,0.2094763092269325,0.3058103975535168,1.3319188341413748,0.1645161290322579,0,0.0,,0,0,0,0,0,0,0,0,0,0,0,ESAAMLG,1,ESAAMLG,0,0,0,1,0,0,0,0,0,0,0,True
Republic of the Congo,CG,7.27,8.1,5.74,7.0,6.83,6.48,1.1111111111111112,1.2517647058823531,0.2394014962593517,0.3058103975535168,0.6815721079181357,0.5612903225806453,0,0.0,,0,0,0,0,0,0,0,0,0,0,0,GABAC,1,GABAC,0,0,0,0,0,1,0,0,0,0,0,True
Democratic Republic of the Congo,CD,7.74,8.48,6.78,7.0,6.79,7.51,1.372222222222223,1.4305882352941182,0.7581047381546134,0.3058103975535168,0.6706419108387535,0.893548387096774,7,5.4,High,1,1,1,0,1,1,1,1,0,0,0,GABAC,1,GABAC,0,0,0,0,0,1,0,0,0,0,0,True
Cook Island,CK,3.76,4.87,3.4544925270378544,0.59,5.088141701715557,3.620013470822269,-0.8388888888888889,-0.2682352941176473,-0.9005024802803714,-1.6544342507645258,0.2056007458029804,-0.361285977154107,0,0.0,,0,0,0,0,0,0,0,0,0,0,0,APG,1,APG,1,0,0,0,0,0,0,0,0,0,0,True
Costa Rica,CR,4.57,5.81,4.53,2.5,3.21,2.79,-0.3888888888888885,0.1741176470588232,-0.3640897755610969,-1.0703363914373087,-0.3076107277659503,-0.6290322580645161,0,0.0,,0,0,0,0,0,0,0,0,0,0,0,GAFILAT,1,GAFILAT,0,0,0,0,0,0,1,0,0,0,0,True
Cote D'ivoire,CI,6.25,7.13,5.79,5.0,5.55,5.16,0.5444444444444447,0.7952941176470589,0.2643391521197007,-0.3058103975535168,0.3318058013779063,0.1354838709677419,1,0.85,Low,0,0,0,0,0,0,0,1,0,0,0,GIABA,1,GIABA,0,0,0,0,0,0,0,1,0,0,0,True
Croatia,HR,4.28,4.86,4.65,2.87,1.67,4.51,-0.5499999999999997,-0.2729411764705884,-0.3042394014962589,-0.9571865443425076,-0.7284233153221636,-0.0741935483870969,1,0.75,Low,0,0,0,0,0,1,0,0,0,0,0,MONEYVAL,1,MONEYVAL,0,0,0,0,0,0,0,0,0,1,0,True
Cuba,CU,5.16,4.57,4.93,5.373789354635069,4.335728019474423,8.55,-0.0611111111111108,-0.4094117647058826,-0.1645885286783042,-0.1915017264112938,0.0,1.2290322580645163,1,0.8,Low,1,0,0,0,0,0,0,0,0,0,0,CFATF,1,CFATF,0,1,0,0,1,0,0,0,0,0,0,True
Cyprus,CY,4.79,4.38,4.08,8.97,0.0,3.21,-0.2666666666666664,-0.4988235294117651,-0.588528678304239,0.9082568807339452,-1.184759043386369,-0.4935483870967742,0,0.0,,0,0,0,0,0,0,0,0,0,0,0,MONEYVAL,1,MONEYVAL,0,0,0,0,0,0,0,0,0,1,0,True
Czech Republic,CZ,3.85,4.2,4.64,3.46,1.9,2.34,-0.7888888888888886,-0.5835294117647062,-0.3092269326683291,-0.7767584097859326,-0.6655746821157162,-0.7741935483870969,0,0.0,,0,0,0,0,0,0,0,0,0,0,0,MONEYVAL,1,MONEYVAL,0,0,0,0,0,0,0,0,0,1,0,True
Denmark,DK,3.51,4.2,2.67,4.19,2.0,1.05,-0.9777777777777776,-0.5835294117647062,-1.2917705735660845,-0.5535168195718653,-0.6382491894172608,-1.1903225806451614,0,0.0,,0,0,0,0,0,0,0,0,0,0,0,FATF,1,FATF,0,0,0,0,1,0,0,0,0,0,0,True
Djibouti,DJ,6.93,7.6,5.59,6.0,6.75,7.68,0.9222222222222224,1.0164705882352942,0.1645885286783042,0.0,0.6597117137593713,0.9483870967741932,0,0.0,,0,0,0,0,0,0,0,0,0,0,0,MENAFATF,1,MENAFATF,0,0,0,0,1,0,0,0,1,0,0,True
Dominica,DM,4.19,5.44,3.36,1.41,7.0,2.86,-0.5999999999999996,0.0,-0.9476309226932664,-1.403669724770642,0.7280254455055098,-0.6064516129032259,0,0.0,,0,0,0,0,0,0,0,0,0,0,0,CFATF,1,CFATF,0,1,0,0,1,0,0,0,0,0,0,True
Dominican Republic,DO,4.95,5.65,5.08,3.9,2.15,4.49,-0.1777777777777774,0.0988235294117647,-0.0897755610972566,-0.6422018348623852,-0.5972609503695777,-0.0806451612903225,0,0.0,,0,0,0,0,0,0,0,0,0,0,0,CFATF; GAFILAT,2,CFATF,0,1,0,0,1,0,1,0,0,0,0,True
Ecuador,EC,5.06,5.83,6.28,1.69,3.62,5.72,-0.1166666666666666,0.1835294117647058,0.5087281795511223,-1.3180428134556574,-0.1955762077022831,0.3161290322580644,0,0.0,,0,0,0,0,0,0,0,0,0,0,0,GAFILAT,1,GAFILAT,0,0,0,0,0,0,1,0,0,0,0,True
Egypt,EG,5.03,4.38,6.19,5.96,2.54,5.9,-0.1333333333333329,-0.4988235294117651,0.4638403990024939,-0.0122324159021406,-0.4906915288456016,0.3741935483870968,0,0.0,,0,0,0,0,0,0,0,0,0,0,0,MENAFATF,1,MENAFATF,0,0,0,0,1,0,0,0,1,0,0,True
El Salvador,SV,5.53,5.61,6.18,3.09,8.83,6.6,0.1444444444444448,0.08,0.4588528678304237,-0.8899082568807338,1.228081961887244,0.5999999999999998,0,0.0,,0,0,0,0,0,0,0,0,0,0,0,GAFILAT,1,GAFILAT,0,0,0,0,0,0,1,0,0,0,0,True
Equatorial Guinea,GQ,7.55,8.01,6.69,7.5710173713110835,4.8,8.1,1.2666666666666668,1.2094117647058826,0.713216957605985,0.4804334468841233,0.1268646061394907,1.0838709677419354,0,0.0,,0,0,0,0,0,0,0,0,0,0,0,GABAC,1,GABAC,0,0,0,0,0,1,0,0,0,0,0,True
Eritrea,ER,6.99,5.65,5.54,10.0,10.0,9.43,0.955555555555556,0.0988235294117647,0.1396508728179551,1.2232415902140672,1.5477902264591723,1.5129032258064514,0,0.0,,0,0,0,0,0,0,0,0,0,0,0,ESAAMLG,1,ESAAMLG,0,0,0,1,0,0,0,0,0,0,0,True
Estonia,EE,3.13,4.18,3.96,1.03,0.0,1.65,-1.1888888888888889,-0.5929411764705887,-0.648379052369077,-1.5198776758409782,-1.184759043386369,-0.9967741935483873,0,0.0,,0,0,0,0,0,0,0,0,0,0,0,MONEYVAL,1,MONEYVAL,0,0,0,0,0,0,0,0,0,1,0,True
Eswatini,SZ,6.72,7.25,5.82,6.713175535464196,3.52,7.26,0.8055555555555557,0.8517647058823531,0.2793017456359103,0.218096494025748,-0.2229017004007385,0.8129032258064515,0,0.0,,0,0,0,0,0,0,0,0,0,0,0,ESAAMLG,1,ESAAMLG,0,0,0,1,0,0,0,0,0,0,0,True
Ethiopia,ET,5.67,5.07,6.17,6.0,6.33,6.92,0.2222222222222224,-0.1741176470588236,0.453865336658354,0.0,0.5449446444258587,0.7032258064516128,1,0.8,Low,1,0,0,0,0,0,0,0,0,0,0,ESAAMLG,1,ESAAMLG,0,0,0,1,0,0,0,0,0,0,0,True
Fiji,FJ,4.67,6.0,4.66,1.85,4.53,3.02,-0.3333333333333331,0.2635294117647058,-0.2992518703241892,-1.269113149847095,0.0530857758536612,-0.5548387096774194,2,1.0,Low,0,0,0,1,0,0,0,0,0,0,1,APG,1,APG,1,0,0,0,0,0,0,0,0,0,0,True
Finland,FI,3.07,3.67,2.32,3.68,2.0,0.82,-1.222222222222222,-0.8329411764705889,-1.4663341645885282,-0.7094801223241589,-0.6382491894172608,-1.2645161290322582,0,0.0,,0,0,0,0,0,0,0,0,0,0,0,FATF,1,FATF,0,0,0,0,1,0,0,0,0,0,0,True
France,FR,3.88,2.57,4.51,7.87,3.31,2.61,-0.7722222222222221,-1.3505882352941183,-0.3740648379052367,0.5718654434250764,-0.2802852350674948,-0.6870967741935485,0,0.0,,0,0,0,0,0,0,0,0,0,0,0,FATF,1,FATF,0,0,0,0,1,0,0,0,0,0,0,True
Gabon,GA,7.46,8.12,6.44,7.450798104705599,6.67,6.36,1.216666666666667,1.2611764705882351,0.5885286783042395,0.4436691451699078,0.6378513196006069,0.5225806451612903,0,0.0,,0,0,0,0,0,0,0,0,0,0,0,GABAC,1,GABAC,0,0,0,0,0,1,0,0,0,0,0,True
Gambia,GM,5.55,7.23,5.02,1.19,7.45,4.76,0.1555555555555557,0.842352941176471,-0.1197007481296758,-1.470948012232416,0.8509901626485593,0.0064516129032256,0,0.0,,0,0,0,0,0,0,0,0,0,0,0,GIABA,1,GIABA,0,0,0,0,0,0,0,1,0,0,0,True
Georgia,GE,4.31,4.56,4.39,4.300339345827932,1.63,4.27,-0.5333333333333333,-0.4141176470588241,-0.4339152119700747,-0.5197739003584306,-0.7393535124015459,-0.1516129032258066,0,0.0,,0,0,0,0,0,0,0,0,0,0,0,MONEYVAL,1,MONEYVAL,0,0,0,0,0,0,0,0,0,1,0,True
Germany,DE,4.96,4.29,4.2,9.56,4.2,1.92,-0.172222222222222,-0.5411764705882357,-0.5286783042394011,1.08868501529052,-0.0370883500512416,-0.9096774193548388,0,0.0,,0,0,0,0,0,0,0,0,0,0,0,FATF,1,FATF,0,0,0,0,1,0,0,0,0,0,0,True
Ghana,GH,5.27,5.59,5.41,5.08,4.81,3.98,0.0,0.0705882352941174,0.0748129675810475,-0.2813455657492354,0.1295971554093362,-0.2451612903225807,0,0.0,,0,0,0,0,0,0,0,0,0,0,0,GIABA,1,GIABA,0,0,0,0,0,0,0,1,0,0,0,True
Greece,GR,3.77,3.83,4.85,2.94,2.0,3.87,-0.8333333333333331,-0.7576470588235299,-0.2044887780548628,-0.9357798165137612,-0.6382491894172608,-0.2806451612903226,0,0.0,,0,0,0,0,0,0,0,0,0,0,0,FATF,1,FATF,0,0,0,0,1,0,0,0,0,0,0,True
Grenada,GD,4.7,6.59,3.28,1.15,7.0,2.81,-0.3166666666666664,0.5411764705882353,-0.987531172069825,-1.4831804281345562,0.7280254455055098,-0.6225806451612903,0,0.0,,0,0,0,0,0,0,0,0,0,0,0,CFATF,1,CFATF,0,1,0,0,1,0,0,0,0,0,0,True
Guatemala,GT,5.43,4.85,6.43,6.76,1.82,6.01,0.0888888888888889,-0.2776470588235298,0.5835411471321693,0.2324159021406726,-0.6874350762744805,0.4096774193548385,1,0.8,Low,0,0,1,0,0,0,0,0,0,0,0,GAFILAT,1,GAFILAT,0,0,0,0,0,0,1,0,0,0,0,True
Guinea,GN,6.43,7.12,5.38,6.0,5.32,6.14,0.6444444444444446,0.7905882352941178,0.0598503740648379,0.0,0.268957168171459,0.4516129032258063,2,1.3,Low,0,0,1,0,0,0,1,0,0,0,0,GIABA,1,GIABA,0,0,0,0,0,0,0,1,0,0,0,True
Guinea-Bissau,GW,7.3,8.02,5.85,8.0,6.16,5.59,1.127777777777778,1.2141176470588235,0.2942643391521195,0.6116207951070336,0.4984913068384844,0.2741935483870966,3,2.3,Medium,0,1,1,0,0,0,1,0,0,0,0,GIABA,1,GIABA,0,0,0,0,0,0,0,1,0,0,0,True
Guyana,GY,4.98,4.87,6.03,5.0,4.25,4.03,-0.1611111111111106,-0.2682352941176473,0.3840399002493766,-0.3058103975535168,-0.023425603702014,-0.2290322580645161,0,0.0,,0,0,0,0,0,0,0,0,0,0,0,CFATF,1,CFATF,0,1,0,0,1,0,0,0,0,0,0,True
Haiti,HT,7.94,9.07,6.97,7.0,5.75,6.74,1.4833333333333338,1.7082352941176475,0.8528678304239398,0.3058103975535168,0.3864567867748172,0.6451612903225806,5,3.5999999999999996,High,0,0,1,0,1,1,1,1,0,0,0,CFATF,1,CFATF,0,1,0,0,1,0,0,0,0,0,0,True
Honduras,HN,5.66,5.36,7.07,5.0,4.15,6.58,0.216666666666667,-0.0376470588235294,0.9027431421446384,-0.3058103975535168,-0.0507510964004693,0.5935483870967742,0,0.0,,0,0,0,0,0,0,0,0,0,0,0,GAFILAT,1,GAFILAT,0,0,0,0,0,0,1,0,0,0,0,True
"Hong Kong, SAR, China",HK,5.37,5.08,2.67,9.78,5.397988173505688,3.8,0.0555555555555558,-0.1694117647058825,-1.2917705735660845,1.1559633027522933,0.2902678208284144,-0.303225806451613,1,0.8,Low,1,0,0,0,0,0,0,0,0,0,0,APG; FATF,2,APG,1,0,0,0,1,0,0,0,0,0,0,True
Hungary,HU,5.06,5.29,5.22,4.49,4.9,4.74,-0.1166666666666666,-0.0705882352941178,-0.0199501246882793,-0.4617737003058103,0.1541900988379462,0.0,0,0.0,,0,0,0,0,0,0,0,0,0,0,0,MONEYVAL,1,MONEYVAL,0,0,0,0,0,0,0,0,0,1,0,True
Iceland,IS,2.96,3.75,3.05,0.96,4.0,1.87,-1.2833333333333332,-0.7952941176470594,-1.102244389027431,-1.5412844036697246,-0.0917393354481525,-0.9258064516129032,0,0.0,,0,0,0,0,0,0,0,0,0,0,0,FATF,1,FATF,0,0,0,0,1,0,0,0,0,0,0,True
India,IN,5.51,4.85,6.45,7.43,2.44,5.31,0.1333333333333334,-0.2776470588235298,0.5935162094763092,0.4373088685015289,-0.518017021544057,0.1838709677419353,0,0.0,,0,0,0,0,0,0,0,0,0,0,0,APG; FATF,2,APG,1,0,0,0,1,0,0,0,0,0,0,True
Indonesia,ID,5.3,5.39,6.47,5.22,2.52,4.37,0.0166666666666668,-0.0235294117647062,0.6034912718204486,-0.2385321100917431,-0.4961566273852926,-0.1193548387096774,0,0.0,,0,0,0,0,0,0,0,0,0,0,0,APG,1,APG,1,0,0,0,0,0,0,0,0,0,0,True
Iran,IR,8.0,8.52,8.09,8.012112188616506,4.0,7.23,1.516666666666667,1.4494117647058826,1.4114713216957602,0.6153248283230903,-0.0917393354481525,0.8032258064516129,8,6.1,High,1,1,1,0,1,1,1,0,1,1,0,MENAFATF,1,MENAFATF,0,0,0,0,1,0,0,0,1,0,0,True
Iraq,IQ,5.9,5.65,6.92,5.909033055535461,5.6,5.5,0.3500000000000005,0.0988235294117647,0.8279301745635907,-0.0278186374509294,0.345468547727134,0.2451612903225805,3,2.3,Medium,1,1,0,0,0,0,1,0,0,0,0,MENAFATF,1,MENAFATF,0,0,0,0,1,0,0,0,1,0,0,True
Ireland,IE,4.23,4.04,3.69,8.09,0.0,1.5,-0.5777777777777774,-0.6588235294117651,-0.7830423940149622,0.6391437308868501,-1.184759043386369,-1.0451612903225806,0,0.0,,0,0,0,0,0,0,0,0,0,0,0,FATF,1,FATF,0,0,0,0,1,0,0,0,0,0,0,True
Israel,IL,3.97,2.94,5.18,7.72,1.0,1.93,-0.722222222222222,-1.1764705882352948,-0.0399002493765586,0.5259938837920488,-0.911504116401815,-0.906451612903226,0,0.0,,0,0,0,0,0,0,0,0,0,0,0,FATF,1,FATF,0,0,0,0,1,0,0,0,0,0,0,True
Italy,IT,4.82,4.11,4.98,8.53,1.19,3.43,-0.2499999999999996,-0.6258823529411768,-0.1396508728179547,0.7737003058103973,-0.8595856802747497,-0.4225806451612903,0,0.0,,0,0,0,0,0,0,0,0,0,0,0,FATF,1,FATF,0,0,0,0,1,0,0,0,0,0,0,True
Jamaica,JM,4.78,5.0,5.27,4.766719890150132,3.5,3.48,-0.2722222222222218,-0.207058823529412,0.0049875311720697,-0.3771498806880328,-0.2283667989404296,-0.4064516129032258,1,0.7,Low,0,0,0,0,1,0,0,0,0,0,0,CFATF,1,CFATF,0,1,0,0,1,0,0,0,0,0,0,True
Japan,JP,4.78,4.55,3.06,9.63,1.85,1.89,-0.2722222222222218,-0.4188235294117651,-1.097256857855361,1.110091743119266,-0.679237428464944,-0.9193548387096776,0,0.0,,0,0,0,0,0,0,0,0,0,0,0,APG; FATF,2,APG,1,0,0,0,1,0,0,0,0,0,0,True
Jordan,JO,4.8,4.71,5.06,5.29,3.26,4.75,-0.261111111111111,-0.3435294117647062,-0.0997506234413965,-0.2171253822629969,-0.2939479814167227,0.0032258064516128,0,0.0,,0,0,0,0,0,0,0,0,0,0,0,MENAFATF,1,MENAFATF,0,0,0,0,1,0,0,0,1,0,0,True
Kazakhstan,KZ,4.64,4.63,4.75,4.34,1.87,6.4,-0.35,-0.3811764705882356,-0.2543640897755609,-0.5076452599388379,-0.6737723299252528,0.535483870967742,0,0.0,,0,0,0,0,0,0,0,0,0,0,0,EAG,1,EAG,0,0,1,0,0,0,0,0,0,0,0,True
Kenya,KE,6.64,7.02,6.88,6.77,3.84,5.51,0.7611111111111113,0.7435294117647058,0.8079800498753115,0.2354740061162077,-0.1354601237656812,0.2483870967741934,2,1.6,Low,0,0,0,0,0,1,0,1,0,0,0,ESAAMLG,1,ESAAMLG,0,0,0,1,0,0,0,0,0,0,0,True
"Korea, North",KP,7.66,6.95,8.68,6.400895216295045,10.0,9.41,1.3277777777777782,0.7105882352941179,1.7057356608478795,0.1225979254724908,1.5477902264591723,1.5064516129032255,7,5.5,High,1,1,1,0,1,1,1,0,1,0,0,NOT FATF,1,NOT FATF,0,0,0,0,1,0,0,0,0,0,1,True
"Korea, South",KR,4.41,3.67,3.14,8.9,2.46,3.45,-0.4777777777777775,-0.8329411764705889,-1.0573566084788024,0.8868501529051988,-0.5125519230043659,-0.4161290322580645,0,0.0,,0,0,0,0,0,0,0,0,0,0,0,FATF; APG,2,FATF,1,0,0,0,1,0,0,0,0,0,0,True
Kosovo,XK,3.4,3.33,5.17,1.21,3.75,4.27,-1.0388888888888888,-0.9929411764705888,-0.0448877805486283,-1.4648318042813453,-0.160053067194291,-0.1516129032258066,1,0.8,Low,1,0,0,0,0,0,0,0,0,0,0,NOT FATF,1,NOT FATF,0,0,0,0,1,0,0,0,0,0,1,True
Kuwait,KW,6.29,6.37,5.75,7.5,6.239172693684132,4.74,0.566666666666667,0.4376470588235294,0.2443890274314214,0.4587155963302751,0.5201256354703124,0.0,0,0.0,,0,0,0,0,0,0,0,0,0,0,0,MENAFATF,1,MENAFATF,0,0,0,0,1,0,0,0,1,0,0,True
Kyrgyzstan,KG,5.95,6.11,5.72,6.0,4.3,6.33,0.3777777777777781,0.3152941176470589,0.2294264339152118,0.0,-0.0097628573527863,0.5129032258064515,0,0.0,,0,0,0,0,0,0,0,0,0,0,0,EAG,1,EAG,0,0,1,0,0,0,0,0,0,0,0,True
Lao PDR,LA,7.5,8.25,6.67,7.0,7.0,6.35,1.2388888888888892,1.322352941176471,0.7032418952618452,0.3058103975535168,0.7280254455055098,0.5193548387096772,2,1.6,Low,0,0,0,0,0,1,0,1,0,0,0,APG,1,APG,1,0,0,0,0,0,0,0,0,0,0,True
Latvia,LV,4.09,4.8,4.49,3.24,0.0,3.33,-0.6555555555555554,-0.3011764705882357,-0.3840399002493762,-0.8440366972477062,-1.184759043386369,-0.4548387096774194,0,0.0,,0,0,0,0,0,0,0,0,0,0,0,MONEYVAL,1,MONEYVAL,0,0,0,0,0,0,0,0,0,1,0,True
Lebanon,LB,5.82,5.66,7.09,4.41,7.89,5.82,0.3055555555555559,0.1035294117647058,0.9127182044887776,-0.4862385321100916,0.971222330521763,0.3483870967741935,5,4.2,High,1,1,1,0,0,1,0,1,0,0,0,MENAFATF,1,MENAFATF,0,0,0,0,1,0,0,0,1,0,0,True
Lesotho,LS,6.04,6.8,4.6,6.0,5.52,5.05,0.4277777777777781,0.64,-0.3291770573566084,0.0,0.3236081535683696,0.0999999999999998,0,0.0,,0,0,0,0,0,0,0,0,0,0,0,ESAAMLG,1,ESAAMLG,0,0,0,1,0,0,0,0,0,0,0,True
Liberia,LR,7.1,7.99,6.61,7.11,3.93,5.06,1.0166666666666668,1.2000000000000004,0.6733167082294265,0.3394495412844037,-0.1108671803370712,0.1032258064516127,0,0.0,,0,0,0,0,0,0,0,0,0,0,0,GIABA,1,GIABA,0,0,0,0,0,0,0,1,0,0,0,True
Libya,LY,7.04,7.03,7.8,7.038759764476112,2.5,8.04,0.9833333333333336,0.7482352941176473,1.2668329177057351,0.3176635365370374,-0.5016217259249838,1.0645161290322578,5,3.7,High,1,1,1,0,0,0,1,0,0,1,0,MENAFATF,1,MENAFATF,0,0,0,0,1,0,0,0,1,0,0,True
Liechtenstein,LI,4.16,3.85,4.2,6.1,6.0,1.3,-0.6166666666666664,-0.7482352941176476,-0.5286783042394011,0.0305810397553515,0.4547705185209557,-1.1096774193548389,0,0.0,,0,0,0,0,0,0,0,0,0,0,0,MONEYVAL,1,MONEYVAL,0,0,0,0,0,0,0,0,0,1,0,True
Lithuania,LT,3.53,4.22,4.01,2.65,0.0,2.54,-0.9666666666666668,-0.5741176470588241,-0.623441396508728,-1.0244648318042813,-1.184759043386369,-0.7096774193548387,0,0.0,,0,0,0,0,0,0,0,0,0,0,0,MONEYVAL,1,MONEYVAL,0,0,0,0,0,0,0,0,0,1,0,True
Luxembourg,LU,3.97,3.02,3.49,9.71,0.0,1.49,-0.722222222222222,-1.1388235294117657,-0.8827930174563585,1.1345565749235476,-1.184759043386369,-1.0483870967741935,0,0.0,,0,0,0,0,0,0,0,0,0,0,0,FATF,1,FATF,0,0,0,0,1,0,0,0,0,0,0,True
"Macao, SAR, China",MO,6.05,5.44,6.905423748551814,7.79,3.953092427113539,5.606429309544929,0.4333333333333335,0.0,0.8206602237166153,0.547400611620795,-0.104557060852265,0.2794933256596543,0,0.0,,0,0,0,0,0,0,0,0,0,0,0,APG,1,APG,1,0,0,0,0,0,0,0,0,0,0,True
Madagascar,MG,6.77,7.8,5.61,6.0,6.36,5.19,0.8333333333333334,1.110588235294118,0.1745635910224441,0.0,0.5531422922353953,0.1451612903225807,0,0.0,,0,0,0,0,0,0,0,0,0,0,0,ESAAMLG,1,ESAAMLG,0,0,0,1,0,0,0,0,0,0,0,True
Malawi,MW,5.44,5.57,5.68,5.0,7.14,4.26,0.0944444444444449,0.0611764705882352,0.2094763092269325,-0.3058103975535168,0.7662811352833474,-0.1548387096774195,0,0.0,,0,0,0,0,0,0,0,0,0,0,0,ESAAMLG,1,ESAAMLG,0,0,0,1,0,0,0,0,0,0,0,True
Malaysia,MY,5.5,4.94,6.16,7.21,5.1,4.32,0.127777777777778,-0.2352941176470589,0.4488778054862843,0.3700305810397553,0.2088410842348569,-0.1354838709677419,0,0.0,,0,0,0,0,0,0,0,0,0,0,0,APG,1,APG,1,0,0,0,0,0,0,0,0,0,0,True
Maldives,MV,6.26,8.07,4.35,3.88,5.0,5.31,0.5500000000000002,1.23764705882353,-0.453865336658354,-0.6483180428134556,0.1815155915364016,0.1838709677419353,0,0.0,,0,0,0,0,0,0,0,0,0,0,0,APG,1,APG,1,0,0,0,0,0,0,0,0,0,0,True
Mali,ML,6.04,5.94,6.79,5.0,7.66,6.22,0.4277777777777781,0.2352941176470589,0.7630922693266832,-0.3058103975535168,0.9083736973153156,0.4774193548387095,5,3.55,High,1,0,1,0,1,1,1,0,0,0,0,GIABA,1,GIABA,0,0,0,0,0,0,0,1,0,0,0,True
Malta,MT,5.21,4.8,5.61,7.28,4.0,3.56,-0.0333333333333331,-0.3011764705882357,0.1745635910224441,0.3914373088685015,-0.0917393354481525,-0.3806451612903226,0,0.0,,0,0,0,0,0,0,0,0,0,0,0,MONEYVAL,1,MONEYVAL,0,0,0,0,0,0,0,0,0,1,0,True
Marshall Islands,MH,5.03,5.63,3.56,6.56,7.5,0.66,-0.1333333333333329,0.0894117647058821,-0.8478802992518698,0.1712538226299692,0.8646529089977869,-1.3161290322580643,0,0.0,,0,0,0,0,0,0,0,0,0,0,0,APG,1,APG,1,0,0,0,0,0,0,0,0,0,0,True
Mauritania,MR,6.29,6.45,5.88,7.0,4.67,5.76,0.566666666666667,0.4752941176470589,0.3092269326683291,0.3058103975535168,0.0913414656314987,0.3290322580645159,0,0.0,,0,0,0,0,0,0,0,0,0,0,0,MENAFATF,1,MENAFATF,0,0,0,0,1,0,0,0,1,0,0,True
Mauritius,MU,4.6,4.44,4.26,6.03,5.0,3.27,-0.3722222222222222,-0.4705882352941178,-0.4987531172069823,0.0091743119266055,0.1815155915364016,-0.4741935483870968,0,0.0,,0,0,0,0,0,0,0,0,0,0,0,ESAAMLG,1,ESAAMLG,0,0,0,1,0,0,0,0,0,0,0,True
Mexico,MX,5.45,5.73,7.33,4.04,0.98,5.49,0.1000000000000003,0.1364705882352942,1.0324189526184535,-0.5993883792048929,-0.916969214941506,0.2419354838709677,0,0.0,,0,0,0,0,0,0,0,0,0,0,0,FATF; GAFILAT,2,FATF,0,0,0,0,1,0,1,0,0,0,0,True
Micronesia,FM,3.54,2.87,2.43,7.0,7.5,0.79,-0.9611111111111108,-1.209411764705883,-1.41147132169576,0.3058103975535168,0.8646529089977869,-1.2741935483870968,0,0.0,,0,0,0,0,0,0,0,0,0,0,0,APG,1,APG,1,0,0,0,0,0,0,0,0,0,0,True
Moldova,MD,4.64,4.56,6.25,4.633865229552636,0.94,4.08,-0.35,-0.4141176470588241,0.4937655860349126,-0.4177782172621909,-0.9278994120208882,-0.2129032258064516,1,0.8,Low,0,0,1,0,0,0,0,0,0,0,0,MONEYVAL,1,MONEYVAL,0,0,0,0,0,0,0,0,0,1,0,True
Monaco,MC,3.74,5.26,1.85,1.54,6.0,2.12,-0.8499999999999998,-0.0847058823529414,-1.7007481296758096,-1.363914373088685,0.4547705185209557,-0.8451612903225807,2,1.6,Low,0,0,0,0,0,1,0,1,0,0,0,MONEYVAL,1,MONEYVAL,0,0,0,0,0,0,0,0,0,1,0,True
Mongolia,MN,4.96,4.99,5.59,4.945248510327999,2.92,4.75,-0.172222222222222,-0.2117647058823531,0.1645885286783042,-0.3225539723767587,-0.386854656591471,0.0032258064516128,0,0.0,,0,0,0,0,0,0,0,0,0,0,0,APG,1,APG,1,0,0,0,0,0,0,0,0,0,0,True
Montenegro,ME,4.23,5.13,4.94,1.47,3.58,3.65,-0.5777777777777774,-0.1458823529411767,-0.159600997506234,-1.385321100917431,-0.2065064047816652,-0.3516129032258065,2,1.6,Low,1,0,1,0,0,0,0,0,0,0,0,MONEYVAL,1,MONEYVAL,0,0,0,0,0,0,0,0,0,1,0,True
Morocco,MA,4.84,4.65,5.97,4.26,3.66,5.39,-0.2388888888888887,-0.3717647058823531,0.3541147132169575,-0.5321100917431193,-0.1846460106229009,0.2096774193548385,0,0.0,,0,0,0,0,0,0,0,0,0,0,0,MENAFATF,1,MENAFATF,0,0,0,0,1,0,0,0,1,0,0,True
Mozambique,MZ,7.15,8.04,6.07,7.0,5.11,5.87,1.044444444444445,1.2235294117647058,0.4039900249376559,0.3058103975535168,0.2115736335047026,0.364516129032258,3,2.3,Medium,0,0,0,0,1,1,0,1,0,0,0,ESAAMLG,1,ESAAMLG,0,0,0,1,0,0,0,0,0,0,0,True
Myanmar,MM,8.18,8.33,7.59,9.0,6.9,7.7,1.616666666666667,1.3600000000000003,1.162094763092269,0.9174311926605504,0.7006999528070545,0.9548387096774194,7,5.1,High,1,0,1,0,1,1,1,0,1,1,0,APG,1,APG,1,0,0,0,0,0,0,0,0,0,0,True
Namibia,NA,4.88,5.97,4.53,3.31,4.16,3.17,-0.2166666666666665,0.2494117647058821,-0.3640897755610969,-0.8226299694189602,-0.0480185471306238,-0.5064516129032259,2,1.6,Low,0,0,0,0,0,1,0,1,0,0,0,ESAAMLG,1,ESAAMLG,0,0,0,1,0,0,0,0,0,0,0,True
Nauru,NR,3.83,5.41,2.04,0.15,10.0,2.42,-0.7999999999999998,-0.0141176470588236,-1.605985037406483,-1.788990825688073,1.5477902264591723,-0.7483870967741936,0,0.0,,0,0,0,0,0,0,0,0,0,0,0,APG,1,APG,1,0,0,0,0,0,0,0,0,0,0,True
Nepal,NP,5.97,7.29,5.38,4.0,3.65,5.06,0.388888888888889,0.8705882352941179,0.0598503740648379,-0.6116207951070336,-0.1873785598927465,0.1032258064516127,2,1.6,Low,0,0,0,0,0,1,0,1,0,0,0,APG,1,APG,1,0,0,0,0,0,0,0,0,0,0,True
Netherlands,NL,4.47,3.83,3.52,9.19,4.0,1.29,-0.4444444444444443,-0.7576470588235299,-0.8678304239401492,0.9755351681957184,-0.0917393354481525,-1.1129032258064515,0,0.0,,0,0,0,0,0,0,0,0,0,0,0,FATF,1,FATF,0,0,0,0,1,0,0,0,0,0,0,True
New Zealand,NZ,3.76,3.56,3.78,6.18,1.15,1.75,-0.8388888888888889,-0.8847058823529417,-0.7381546134663338,0.0550458715596329,-0.8705158773541318,-0.964516129032258,0,0.0,,0,0,0,0,0,0,0,0,0,0,0,APG; FATF,2,APG,1,0,0,0,1,0,0,0,0,0,0,True
Nicaragua,NI,6.43,6.26,5.77,7.0,6.21,7.52,0.6444444444444446,0.3858823529411763,0.2543640897755609,0.3058103975535168,0.5121540531877121,0.8967741935483868,3,2.1,Medium,1,0,1,0,0,0,1,0,0,0,0,GAFILAT,1,GAFILAT,0,0,0,0,0,0,1,0,0,0,0,True
Niger,NE,6.82,7.26,5.22,8.0,5.58,6.0,0.8611111111111116,0.8564705882352942,-0.0199501246882793,0.6116207951070336,0.340003449187443,0.4064516129032257,1,0.8,Low,0,0,1,0,0,0,0,0,0,0,0,GIABA,1,GIABA,0,0,0,0,0,0,0,1,0,0,0,True
Nigeria,NG,6.81,6.98,7.11,6.99,4.95,6.07,0.8555555555555556,0.7247058823529415,0.9226932668329176,0.3027522935779816,0.1678528451871739,0.4290322580645161,3,2.3,Medium,0,0,0,0,1,1,0,1,0,0,0,GIABA,1,GIABA,0,0,0,0,0,0,0,1,0,0,0,True
North Macedonia,MK,4.25,4.97,5.26,1.1,3.24,4.85,-0.5666666666666665,-0.2211764705882357,0.0,-1.4984709480122322,-0.2994130799564136,0.0354838709677417,1,0.8,Low,1,0,0,0,0,0,0,0,0,0,0,MONEYVAL,1,MONEYVAL,0,0,0,0,0,0,0,0,0,1,0,True
Norway,NO,3.78,3.81,2.69,6.54,2.25,1.5,-0.8277777777777777,-0.7670588235294122,-1.2817955112219446,0.165137614678899,-0.5699354576711223,-1.0451612903225806,0,0.0,,0,0,0,0,0,0,0,0,0,0,0,FATF,1,FATF,0,0,0,0,1,0,0,0,0,0,0,True
Oman,OM,4.81,4.1,5.22,6.62,4.845730299891237,4.45,-0.2555555555555555,-0.6305882352941182,-0.0199501246882793,0.1896024464831804,0.1393606358972524,-0.0935483870967742,0,0.0,,0,0,0,0,0,0,0,0,0,0,0,MENAFATF,1,MENAFATF,0,0,0,0,1,0,0,0,1,0,0,True
Pakistan,PK,5.58,5.55,6.4,4.68,4.34,6.51,0.1722222222222225,0.0517647058823526,0.5685785536159602,-0.4036697247706422,0.0011673397265958,0.5709677419354837,0,0.0,,0,0,0,0,0,0,0,0,0,0,0,APG,1,APG,1,0,0,0,0,0,0,0,0,0,0,True
Palau,PW,4.55,5.64,3.18,4.532399773059272,6.0,0.79,-0.3999999999999999,0.0941176470588232,-1.037406483790523,-0.4488074088503753,0.4547705185209557,-1.2741935483870968,2,1.0,Low,0,0,0,1,0,0,0,0,0,0,1,APG,1,APG,1,0,0,0,0,0,0,0,0,0,0,True
Panama,PA,5.79,5.35,6.34,8.75,0.0,4.77,0.2888888888888892,-0.0423529411764709,0.538653366583541,0.8409785932721712,-1.184759043386369,0.0096774193548385,3,1.7,Medium,0,0,0,1,1,0,0,0,0,0,1,GAFILAT,1,GAFILAT,0,0,0,0,0,0,1,0,0,0,0,True
Papua New Guinea,PG,6.6,7.39,6.76,6.0,5.27,4.06,0.738888888888889,0.9176470588235296,0.7481296758104735,0.0,0.2552944218222311,-0.2193548387096776,0,0.0,,0,0,0,0,0,0,0,0,0,0,0,APG,1,APG,1,0,0,0,0,0,0,0,0,0,0,True
Paraguay,PY,5.01,5.44,7.05,1.62,3.61,5.9,-0.1444444444444443,0.0,0.8927680798004984,-1.3394495412844034,-0.1983087569721286,0.3741935483870968,0,0.0,,0,0,0,0,0,0,0,0,0,0,0,GAFILAT,1,GAFILAT,0,0,0,0,0,0,1,0,0,0,0,True
Peru,PE,4.78,5.43,5.62,2.35,2.44,5.44,-0.2722222222222218,-0.0047058823529414,0.1795511221945138,-1.1162079510703362,-0.518017021544057,0.2258064516129032,0,0.0,,0,0,0,0,0,0,0,0,0,0,0,GAFILAT,1,GAFILAT,0,0,0,0,0,0,1,0,0,0,0,True
Philippines,PH,5.4,5.37,6.94,4.78,3.77,4.72,0.0722222222222226,-0.0329411764705883,0.8379052369077307,-0.3730886850152904,-0.1545879686545999,-0.0064516129032259,1,0.7,Low,0,0,0,0,1,0,0,0,0,0,0,APG,1,APG,1,0,0,0,0,0,0,0,0,0,0,True
Poland,PL,4.3,4.66,4.66,3.75,2.06,3.94,-0.5388888888888888,-0.367058823529412,-0.2992518703241892,-0.6880733944954127,-0.6218538937981876,-0.2580645161290323,0,0.0,,0,0,0,0,0,0,0,0,0,0,0,MONEYVAL,1,MONEYVAL,0,0,0,0,0,0,0,0,0,1,0,True
Portugal,PT,4.14,3.97,4.29,5.88,1.9,2.76,-0.6277777777777778,-0.6917647058823533,-0.4837905236907727,-0.036697247706422,-0.6655746821157162,-0.6387096774193549,0,0.0,,0,0,0,0,0,0,0,0,0,0,0,FATF,1,FATF,0,0,0,0,1,0,0,0,0,0,0,True
Puerto Rico,PR,4.75,4.828065890201732,4.14,5.37,4.942423075740798,4.238015297209749,-0.2888888888888887,-0.2879689928462439,-0.5586034912718203,-0.1926605504587155,0.1657824133019582,-0.1619305492871777,0,0.0,,0,0,0,0,0,0,0,0,0,0,0,FATF,1,FATF,0,0,0,0,1,0,0,0,0,0,0,True
Qatar,QA,5.52,4.04,5.96,8.6,9.82,4.58,0.1388888888888889,-0.6588235294117651,0.3491271820448877,0.7951070336391435,1.4986043396019526,-0.0516129032258064,0,0.0,,0,0,0,0,0,0,0,0,0,0,0,MENAFATF,1,MENAFATF,0,0,0,0,1,0,0,0,1,0,0,True
Romania,RO,4.99,5.18,5.07,5.51,2.9,4.0,-0.1555555555555552,-0.1223529411764709,-0.0947630922693264,-0.1498470948012233,-0.3923197551311621,-0.2387096774193549,0,0.0,,0,0,0,0,0,0,0,0,0,0,0,MONEYVAL,1,MONEYVAL,0,0,0,0,0,0,0,0,0,1,0,True
Russia,RU,5.83,4.92,7.8,6.91,1.72,7.06,0.3111111111111114,-0.2447058823529415,1.2668329177057351,0.2782874617737003,-0.714760568972936,0.7483870967741933,6,3.7,High,1,0,1,1,0,0,1,0,0,1,1,EAG; FATF,2,EAG,0,0,1,0,1,0,0,0,0,0,0,True
Rwanda,RW,5.96,7.5,4.92,3.29,5.99,4.71,0.3833333333333336,0.9694117647058824,-0.1695760598503739,-0.8287461773700304,0.4520379692511102,-0.0096774193548387,0,0.0,,0,0,0,0,0,0,0,0,0,0,0,ESAAMLG,1,ESAAMLG,0,0,0,1,0,0,0,0,0,0,0,True
Samoa,WS,4.5,5.89,2.74,2.92,7.0,2.13,-0.4277777777777776,0.2117647058823527,-1.2568578553615952,-0.9418960244648316,0.7280254455055098,-0.8419354838709678,2,1.0,Low,0,0,0,1,0,0,0,0,0,0,1,APG,1,APG,1,0,0,0,0,0,0,0,0,0,0,True
San Marino,SM,2.96,3.5,4.99,0.07,6.0,0.29,-1.2833333333333332,-0.9129411764705888,-0.134663341645885,-1.8134556574923544,0.4547705185209557,-1.435483870967742,0,0.0,,0,0,0,0,0,0,0,0,0,0,0,MONEYVAL,1,MONEYVAL,0,0,0,0,0,0,0,0,0,1,0,True
Sao Tome and Principe,ST,5.96,7.5,3.63,7.0,3.93,1.54,0.3833333333333336,0.9694117647058824,-0.8129675810473812,0.3058103975535168,-0.1108671803370712,-1.032258064516129,0,0.0,,0,0,0,0,0,0,0,0,0,0,0,GABAC,1,GABAC,0,0,0,0,0,1,0,0,0,0,0,True
Saudi Arabia,SA,5.83,4.91,5.95,8.24,7.43,5.25,0.3111111111111114,-0.2494117647058825,0.344139650872818,0.6850152905198776,0.8455250641088681,0.1645161290322579,0,0.0,,0,0,0,0,0,0,0,0,0,0,0,FATF; MENAFATF,2,FATF,0,0,0,0,1,0,0,0,1,0,0,True
Senegal,SN,5.36,5.68,5.01,5.0,6.28,4.55,0.0500000000000004,0.1129411764705879,-0.1246882793017455,-0.3058103975535168,0.531281898076631,-0.0612903225806452,1,0.7,Low,0,0,0,0,1,0,0,0,0,0,0,GIABA,1,GIABA,0,0,0,0,0,0,0,1,0,0,0,True
Serbia,RS,4.82,5.45,5.99,2.13,2.44,5.57,-0.2499999999999996,0.004705882352941,0.3640897755610973,-1.18348623853211,-0.518017021544057,0.267741935483871,1,0.8,Low,1,0,0,0,0,0,0,0,0,0,0,MONEYVAL,1,MONEYVAL,0,0,0,0,0,0,0,0,0,1,0,True
Seychelles,SC,4.57,6.01,3.28,3.6,2.5,2.32,-0.3888888888888885,0.2682352941176469,-0.987531172069825,-0.7339449541284402,-0.5016217259249838,-0.7806451612903227,0,0.0,,0,0,0,0,0,0,0,0,0,0,0,ESAAMLG,1,ESAAMLG,0,0,0,1,0,0,0,0,0,0,0,True
Sierra Leone,SL,6.41,7.2,4.52,7.0,4.18,5.84,0.6333333333333337,0.8282352941176473,-0.369077306733167,0.3058103975535168,-0.0425534485909328,0.3548387096774192,0,0.0,,0,0,0,0,0,0,0,0,0,0,0,GIABA,1,GIABA,0,0,0,0,0,0,0,1,0,0,0,True
Singapore,SG,4.73,3.75,3.51,9.85,4.0,3.13,-0.2999999999999995,-0.7952941176470594,-0.8728179551122192,1.1773700305810395,-0.0917393354481525,-0.5193548387096775,0,0.0,,0,0,0,0,0,0,0,0,0,0,0,APG; FATF,2,APG,1,0,0,0,1,0,0,0,0,0,0,True
Slovakia,SK,4.4,5.15,5.08,2.79,1.56,3.74,-0.4833333333333329,-0.1364705882352942,-0.0897755610972566,-0.9816513761467888,-0.7584813572904646,-0.3225806451612903,0,0.0,,0,0,0,0,0,0,0,0,0,0,0,MONEYVAL,1,MONEYVAL,0,0,0,0,0,0,0,0,0,1,0,True
Slovenia,SI,3.5,4.52,4.17,0.29,2.81,3.21,-0.9833333333333332,-0.4329411764705888,-0.5436408977556106,-1.7461773700305807,-0.416912698559772,-0.4935483870967742,0,0.0,,0,0,0,0,0,0,0,0,0,0,0,MONEYVAL,1,MONEYVAL,0,0,0,0,0,0,0,0,0,1,0,True
Solomon Islands,SB,6.31,7.73,5.07,6.0,5.0,2.58,0.5777777777777778,1.0776470588235298,-0.0947630922693264,0.0,0.1815155915364016,-0.6967741935483871,0,0.0,,0,0,0,0,0,0,0,0,0,0,0,APG,1,APG,1,0,0,0,0,0,0,0,0,0,0,True
Somalia,SO,7.46,7.32,6.88,8.0,7.67,8.15,1.216666666666667,0.8847058823529415,0.8079800498753115,0.6116207951070336,0.9111062465851612,1.1,3,2.3,Medium,1,1,0,0,0,0,1,0,0,0,0,ESAAMLG,1,ESAAMLG,0,0,0,1,0,0,0,0,0,0,0,True
South Africa,ZA,5.87,6.26,6.06,6.69,3.36,3.4,0.3333333333333336,0.3858823529411763,0.3990024937655858,0.2110091743119267,-0.2666224887182672,-0.4322580645161291,3,2.3,Medium,0,0,0,0,1,1,0,1,0,0,0,ESAAMLG; FATF,2,ESAAMLG,0,0,0,1,1,0,0,0,0,0,0,True
South Sudan,SS,8.16,8.52,7.0,8.0,9.38,8.06,1.605555555555556,1.4494117647058826,0.8678304239401494,0.6116207951070336,1.378372171728749,1.070967741935484,7,5.4,High,1,1,1,0,1,1,1,1,0,0,0,ESAAMLG,1,ESAAMLG,0,0,0,1,0,0,0,0,0,0,0,True
Spain,ES,4.31,3.12,4.87,7.94,3.54,3.29,-0.5333333333333333,-1.0917647058823536,-0.1945137157107229,0.5932721712538227,-0.2174366018610474,-0.467741935483871,0,0.0,,0,0,0,0,0,0,0,0,0,0,0,FATF,1,FATF,0,0,0,0,1,0,0,0,0,0,0,True
Sri Lanka,LK,5.27,4.95,4.84,6.34,6.31,5.23,0.0,-0.2305882352941178,-0.2094763092269325,0.1039755351681956,0.5394795458861674,0.1580645161290323,0,0.0,,0,0,0,0,0,0,0,0,0,0,0,APG,1,APG,1,0,0,0,0,0,0,0,0,0,0,True
Saint Kitts and Nevis,KN,5.64,6.86,3.2,5.07,10.0,2.63,0.2055555555555556,0.6682352941176473,-1.0274314214463836,-0.2844036697247705,1.5477902264591723,-0.6806451612903227,0,0.0,,0,0,0,0,0,0,0,0,0,0,0,CFATF,1,CFATF,0,1,0,0,1,0,0,0,0,0,0,True
Saint Lucia,LC,4.44,6.39,2.67,1.09,6.5,2.63,-0.4611111111111107,0.4470588235294116,-1.2917705735660845,-1.501529051987767,0.5913979820132328,-0.6806451612903227,0,0.0,,0,0,0,0,0,0,0,0,0,0,0,CFATF,1,CFATF,0,1,0,0,1,0,0,0,0,0,0,True
Saint Vincent and The Grenadines,VC,4.05,5.22,2.89,1.79,7.0,2.7,-0.6777777777777777,-0.1035294117647062,-1.182044887780548,-1.2874617737003056,0.7280254455055098,-0.6580645161290323,0,0.0,,0,0,0,0,0,0,0,0,0,0,0,CFATF,1,CFATF,0,1,0,0,1,0,0,0,0,0,0,True
Sudan,SD,6.98,6.69,6.66,8.0,6.28,7.59,0.9500000000000006,0.5882352941176473,0.6982543640897755,0.6116207951070336,0.531281898076631,0.9193548387096772,4,3.1,Medium,1,1,1,0,0,0,1,0,0,0,0,MENAFATF,1,MENAFATF,0,0,0,0,1,0,0,0,1,0,0,True
Suriname,SR,6.08,7.55,5.06,6.05838875181204,0.0,3.59,0.4500000000000003,0.9929411764705884,-0.0997506234413965,0.0178558874042935,-1.184759043386369,-0.370967741935484,0,0.0,,0,0,0,0,0,0,0,0,0,0,0,CFATF,1,CFATF,0,1,0,0,1,0,0,0,0,0,0,True
Sweden,SE,3.46,3.35,3.29,5.15,2.76,1.72,-1.0055555555555555,-0.9835294117647064,-0.9825436408977553,-0.2599388379204891,-0.4305754449089997,-0.9741935483870968,0,0.0,,0,0,0,0,0,0,0,0,0,0,0,FATF,1,FATF,0,0,0,0,1,0,0,0,0,0,0,True
Switzerland,CH,4.47,3.83,3.79,9.93,0.0,1.5,-0.4444444444444443,-0.7576470588235299,-0.733167082294264,1.2018348623853208,-1.184759043386369,-1.0451612903225806,0,0.0,,0,0,0,0,0,0,0,0,0,0,0,FATF,1,FATF,0,0,0,0,1,0,0,0,0,0,0,True
Syrian Arab Republic,SY,6.76,6.56,7.95,6.780809003517686,0.0,9.03,0.827777777777778,0.5270588235294116,1.3416458852867827,0.2387795117791089,-1.184759043386369,1.3838709677419352,8,6.0,High,1,1,1,0,1,1,1,1,0,1,0,MENAFATF,1,MENAFATF,0,0,0,0,1,0,0,0,1,0,0,True
Tajikistan,TJ,6.44,5.73,6.0,8.0,5.24,8.65,0.6500000000000005,0.1364705882352942,0.369077306733167,0.6116207951070336,0.2470967740126946,1.261290322580645,0,0.0,,0,0,0,0,0,0,0,0,0,0,0,EAG,1,EAG,0,0,1,0,0,0,0,0,0,0,0,True
Tanzania,TZ,5.43,6.24,5.28,3.75,3.98,5.35,0.0888888888888889,0.3764705882352941,0.0099750623441398,-0.6880733944954127,-0.0972044339878436,0.1967741935483869,2,1.45,Low,0,0,0,0,1,1,0,0,0,0,0,ESAAMLG,1,ESAAMLG,0,0,0,1,0,0,0,0,0,0,0,True
Thailand,TH,6.17,5.8,6.2,8.38,3.02,5.69,0.5000000000000002,0.1694117647058821,0.4688279301745636,0.7278287461773701,-0.3595291638930156,0.3064516129032258,0,0.0,,0,0,0,0,0,0,0,0,0,0,0,APG,1,APG,1,0,0,0,0,0,0,0,0,0,0,True
Timor-Leste,TL,5.76,6.39,4.54,7.0,5.44,2.69,0.2722222222222223,0.4470588235294116,-0.3591022443890271,0.3058103975535168,0.3017477594096055,-0.6612903225806452,0,0.0,,0,0,0,0,0,0,0,0,0,0,0,APG,1,APG,1,0,0,0,0,0,0,0,0,0,0,True
Togo,TG,6.44,7.38,4.95,6.0,5.42,5.64,0.6500000000000005,0.9129411764705884,-0.1546134663341643,0.0,0.2962826608699143,0.2903225806451611,0,0.0,,0,0,0,0,0,0,0,0,0,0,0,GIABA,1,GIABA,0,0,0,0,0,0,0,1,0,0,0,True
Tonga,TO,5.67,7.32,3.23,5.0,6.5,2.44,0.2222222222222224,0.8847058823529415,-1.012468827930174,-0.3058103975535168,0.5913979820132328,-0.7419354838709679,0,0.0,,0,0,0,0,0,0,0,0,0,0,0,APG,1,APG,1,0,0,0,0,0,0,0,0,0,0,True
Trinidad and Tobago,TT,4.19,4.91,5.57,0.66,6.08,3.37,-0.5999999999999996,-0.2494117647058825,0.1546134663341647,-1.6330275229357796,0.4766309126797201,-0.4419354838709677,3,1.7,Medium,0,0,0,1,1,0,0,0,0,0,1,CFATF,1,CFATF,0,1,0,0,1,0,0,0,0,0,0,True
Tunisia,TN,4.85,5.01,5.96,2.72,5.17,5.66,-0.2333333333333333,-0.2023529411764709,0.3491271820448877,-1.003058103975535,0.2279689291237757,0.2967741935483871,1,0.8,Low,0,0,1,0,0,0,0,0,0,0,0,MENAFATF,1,MENAFATF,0,0,0,0,1,0,0,0,1,0,0,True
TÃ¼rkiye,TR,5.62,5.15,6.29,5.74,5.8,6.51,0.1944444444444447,-0.1364705882352942,0.513715710723192,-0.0795107033639143,0.4001195331240448,0.5709677419354837,1,0.8,Low,0,0,1,0,0,0,0,0,0,0,0,FATF,1,FATF,0,0,0,0,1,0,0,0,0,0,0,True
Turkmenistan,TM,6.73,5.92,6.62,6.748805205906408,10.0,9.31,0.8111111111111117,0.2258823529411763,0.6783042394014962,0.2289924177083817,1.5477902264591723,1.474193548387097,0,0.0,,0,0,0,0,0,0,0,0,0,0,0,EAG,1,EAG,0,0,1,0,0,0,0,0,0,0,0,True
Turks and Caicos Islands,TC,4.86,6.07,5.083295563323747,1.4,4.6387427187337735,4.583283777118062,-0.2277777777777773,0.2964705882352942,-0.0881318886165847,-1.406727828746177,0.0828002595213603,-0.0505536202844961,0,0.0,,0,0,0,0,0,0,0,0,0,0,0,CFATF,1,CFATF,0,1,0,0,1,0,0,0,0,0,0,True
Uganda,UG,5.72,5.56,6.92,5.0,4.37,6.35,0.2500000000000001,0.0564705882352937,0.8279301745635907,-0.3058103975535168,0.0093649875361325,0.5193548387096772,1,0.7,Low,0,0,0,0,1,0,0,0,0,0,0,ESAAMLG,1,ESAAMLG,0,0,0,1,0,0,0,0,0,0,0,True
Ukraine,UA,5.25,5.57,6.44,3.82,3.12,5.11,-0.0111111111111108,0.0611764705882352,0.5885286783042395,-0.6666666666666666,-0.3322036711945602,0.1193548387096774,2,1.4,Low,0,0,1,0,0,0,0,0,0,1,0,MONEYVAL,1,MONEYVAL,0,0,0,0,0,0,0,0,0,1,0,True
United Arab Emirates,AE,6.18,5.45,5.82,9.49,6.104655167077475,4.7,0.5055555555555556,0.004705882352941,0.2793017456359103,1.0672782874617737,0.4833680585592674,-0.0129032258064516,1,0.7,Low,0,0,0,0,1,0,0,0,0,0,0,MENAFATF,1,MENAFATF,0,0,0,0,1,0,0,0,1,0,0,True
United Kingdom,GB,4.13,2.98,4.14,9.12,1.92,2.2,-0.6333333333333332,-1.15764705882353,-0.5586034912718203,0.954128440366972,-0.6601095835760251,-0.8193548387096774,0,0.0,,0,0,0,0,0,0,0,0,0,0,0,FATF,1,FATF,0,0,0,0,1,0,0,0,0,0,0,True
United States,US,4.82,3.73,4.77,10.0,1.57,2.94,-0.2499999999999996,-0.8047058823529417,-0.2443890274314214,1.2232415902140672,-0.7557488080206191,-0.5806451612903226,0,0.0,,0,0,0,0,0,0,0,0,0,0,0,FATF,1,FATF,0,0,0,0,1,0,0,0,0,0,0,True
Uruguay,UY,4.1,4.81,3.01,4.85,2.0,2.15,-0.65,-0.2964705882352946,-1.1221945137157103,-0.3516819571865444,-0.6382491894172608,-0.835483870967742,0,0.0,,0,0,0,0,0,0,0,0,0,0,0,GAFILAT,1,GAFILAT,0,0,0,0,0,0,1,0,0,0,0,True
Uzbekistan,UZ,5.27,4.72,5.51,6.0,5.5,6.22,0.0,-0.3388235294117651,0.1246882793017455,0.0,0.3181430550286787,0.4774193548387095,0,0.0,,0,0,0,0,0,0,0,0,0,0,0,EAG,1,EAG,0,0,1,0,0,0,0,0,0,0,0,True
Vanuatu,VU,5.06,6.76,3.83,2.56,7.5,1.83,-0.1166666666666666,0.6211764705882352,-0.7132169576059846,-1.0519877675840976,0.8646529089977869,-0.9387096774193548,3,1.7,Medium,0,0,0,1,1,0,0,0,0,0,1,APG,1,APG,1,0,0,0,0,0,0,0,0,0,0,True
Venezuela,VE,7.6,8.47,7.49,5.0,7.0,8.29,1.2944444444444445,1.4258823529411773,1.1122194513715709,-0.3058103975535168,0.7280254455055098,1.1451612903225803,5,3.7,High,1,0,1,0,0,1,1,1,0,0,0,GAFILAT,1,GAFILAT,0,0,0,0,0,0,1,0,0,0,0,True
Vietnam,VN,6.9,7.17,5.96,8.31,4.93,5.71,0.905555555555556,0.8141176470588236,0.3491271820448877,0.706422018348624,0.1623877466474827,0.3129032258064515,3,2.3,Medium,0,0,0,0,1,1,0,1,0,0,0,APG,1,APG,1,0,0,0,0,0,0,0,0,0,0,True
Virgin Islands British,VG,7.77,7.2,9.450270065317556,9.41,3.286930002373829,7.060615288221825,1.388888888888889,0.8282352941176473,2.0899102570162373,1.0428134556574922,-0.286589225584368,0.74858557684575,1,0.85,Low,0,0,0,0,0,0,0,1,0,0,0,CFATF,1,CFATF,0,1,0,0,1,0,0,0,0,0,0,True
Yemen,YE,7.42,6.63,7.3,9.0,9.0,8.06,1.1944444444444449,0.56,1.017456359102244,0.9174311926605504,1.2745352994746182,1.070967741935484,6,4.6000000000000005,High,1,1,0,0,1,1,1,1,0,0,0,MENAFATF,1,MENAFATF,0,0,0,0,1,0,0,0,1,0,0,True
Zambia,ZM,5.31,5.58,5.15,5.0,5.37,4.74,0.0222222222222222,0.0658823529411763,-0.0548628428927677,-0.3058103975535168,0.2826199145206866,0.0,0,0.0,,0,0,0,0,0,0,0,0,0,0,0,ESAAMLG,1,ESAAMLG,0,0,0,1,0,0,0,0,0,0,0,True
Zimbabwe,ZW,5.99,5.39,6.18,7.0,6.9,6.47,0.4000000000000004,-0.0235294117647062,0.4588528678304237,0.3058103975535168,0.7006999528070545,0.5580645161290321,3,1.9,Medium,0,0,1,0,0,0,1,0,0,1,0,ESAAMLG,1,ESAAMLG,0,0,0,1,0,0,0,0,0,0,0,True
